[{"id":"PHP Minimum Version","order":102,"level":"critical","status":true,"msg":"Your PHP <strong>7.1.33<\/strong> is greater than the minimum of <strong>7.1.3<\/strong> required","details":null,"help":"https:\/\/getgrav.org\/blog\/raising-php-requirements-2018","class":"Grav\\Plugin\\Problems\\PHPVersion"},{"id":"PHP Modules","order":101,"level":"critical","status":true,"msg":"All modules look good!","details":{"errors":[],"success":{"curl":"PHP Curl (Data Transfer Library) is successfully installed","ctype":"PHP Ctype is successfully installed","dom":"PHP DOM is successfully installed","gd":"PHP GD (Image Manipulation Library) is successfully installed","mbstring":"PHP Mbstring (Multibyte String Library) is successfully installed","openssl":"PHP OpenSSL (Secure Sockets Library) is successfully installed","xml":"PHP XML Library is successfully installed","zip":"PHP Zip extension is successfully installed"}},"help":"https:\/\/learn.getgrav.org\/basics\/requirements#php-requirements","class":"Grav\\Plugin\\Problems\\PHPModules"},{"id":"Essential Folders","order":100,"level":"critical","status":true,"msg":"All folders look good!","details":{"errors":[],"success":{"\/srv\/disk2\/2893271\/www\/newsoc.dx.am\/backup":"exists and is writable","\/srv\/disk2\/2893271\/www\/newsoc.dx.am\/cache":"exists and is writable","\/srv\/disk2\/2893271\/www\/newsoc.dx.am\/logs":"exists and is writable","\/srv\/disk2\/2893271\/www\/newsoc.dx.am\/images":"exists and is writable","\/srv\/disk2\/2893271\/www\/newsoc.dx.am\/assets":"exists and is writable","\/srv\/disk2\/2893271\/www\/newsoc.dx.am\/system":"exists and is writable","\/srv\/disk2\/2893271\/www\/newsoc.dx.am\/user\/data":"exists and is writable","\/srv\/disk2\/2893271\/www\/newsoc.dx.am\/user\/pages":"exists and is writable","\/srv\/disk2\/2893271\/www\/newsoc.dx.am\/user\/config":"exists and is writable","\/srv\/disk2\/2893271\/www\/newsoc.dx.am\/user\/plugins\/error":"exists and is writable","\/srv\/disk2\/2893271\/www\/newsoc.dx.am\/user\/plugins":"exists and is writable","\/srv\/disk2\/2893271\/www\/newsoc.dx.am\/user\/themes":"exists and is writable","\/srv\/disk2\/2893271\/www\/newsoc.dx.am\/vendor":"exists and is writable","\/srv\/disk2\/2893271\/www\/newsoc.dx.am\/tmp":"exists and is writable"}},"help":"https:\/\/learn.getgrav.org\/basics\/folder-structure","class":"Grav\\Plugin\\Problems\\EssentialFolders"},{"id":"Apache Modules","order":1,"level":"critical","status":true,"msg":"Apache not installed, skipping...","details":null,"help":"https:\/\/learn.getgrav.org\/basics\/requirements#apache-requirements","class":"Grav\\Plugin\\Problems\\Apache"},{"id":"Permissions Setup","order":-1,"level":"warning","status":true,"msg":"Your default file umask is <strong>22<\/strong> which looks good!","details":null,"help":"https:\/\/learn.getgrav.org\/troubleshooting\/permissions","class":"Grav\\Plugin\\Problems\\Permissions"}]